GDP per capita, PPP (constant 2011 international $) 
Net foreign assets (current LCU) 
PPG, bonds (AMT, current US$) 
Net bilateral aid flows from DAC donors, New Zealand (current US$) 
Net ODA received (% of imports of goods, services and primary income) 
Prevalence of overweight, weight for height (% of children under 5) 
Labor force participation rate, male (% of male population ages 15+) (national estimate) 
Adjusted savings: consumption of fixed capital (current US$) 
Specialist surgical workforce (per 100,000 population) 
Annual freshwater withdrawals, total (billion cubic meters) 
Communications, computer, etc. (% of service exports, BoP) 
Unemployment, male (% of male labor force) (modeled ILO estimate) 
Urban poverty headcount ratio at national poverty lines (% of urban population) 
Other manufacturing (% of value added in manufacturing) 
Employment to population ratio, ages 15-24, male (%) (modeled ILO estimate) 
Annualized average growth rate in per capita real survey mean consumption or income, bottom 40% of population (%) 
Currency composition of PPG debt, all other currencies (%) 
Child employment in manufacturing, female (% of female economically active children ages 7-14) 
Investment in telecoms with private participation (current US$) 
Children in employment, wage workers, male (% of male children in employment, ages 7-14) 
Adjusted savings: energy depletion (current US$) 
Exports of goods and services (BoP, current US$) 
All education staff compensation, tertiary (% of total expenditure in tertiary public institutions) 
All education staff compensation, primary (% of total expenditure in primary public institutions) 
Labor tax and contributions (% of commercial profits) 
Food exports (% of merchandise exports) 
Gross national expenditure (% of GDP) 
Household final consumption expenditure, PPP (current international $) 
Interest payments on external debt, long-term (INT, current US$) 
Government expenditure per student, secondary (% of GDP per capita) 
Present value of external debt (% of exports of goods, services and primary income) 
ICT service exports (BoP, current US$) 
Labor force participation rate, male (% of male population ages 15-64) (modeled ILO estimate) 
Claims on central government (annual growth as % of broad money) 
Inflation, consumer prices (annual %) 
Net official flows from UN agencies, IFAD (current US$) 
Ratio of female to male labor force participation rate (%) (national estimate) 
Literacy rate, youth female (% of females ages 15-24) 
Net official flows from UN agencies, UNHCR (current US$) 
Death rate, crude (per 1,000 people) 
GDP per capita (current LCU) 
Unemployment, youth female (% of female labor force ages 15-24) (national estimate) 
Debt stock reduction (current US$) 
Net official aid received (constant 2013 US$) 
Life expectancy at birth, male (years) 
Number of surgical procedures (per 100,000 population) 
Merchandise imports from low- and middle-income economies in Europe & Central Asia (% of total merchandise imports) 
Children (0-14) living with HIV 
Taxes on goods and services (current LCU) 
Poverty gap at $1.90 a day (2011 PPP) (%) 
CPIA economic management cluster average (1=low to 6=high) 
International tourism, expenditures for travel items (current US$) 
Expenditure on education as % of total government expenditure (%) 
Adolescent fertility rate (births per 1,000 women ages 15-19) 
Broad money to total reserves ratio 
Commitments, private creditors (COM, current US$) 
Mortality rate, infant, female (per 1,000 live births) 
Risk premium on lending (lending rate minus treasury bill rate, %) 
Short-term debt (% of exports of goods, services and primary income) 
CO2 emissions from electricity and heat production, total (% of total fuel combustion) 
Air transport, passengers carried 
DEC alternative conversion factor (LCU per US$) 
Agricultural methane emissions (thousand metric tons of CO2 equivalent) 
Household final consumption expenditure (current US$) 
Rural population growth (annual %) 
Employment to population ratio, 15+, male (%) (national estimate) 
GNI growth (annual %) 
Average grace period on new external debt commitments (years) 
Principal repayments on external debt, private nonguaranteed (PNG) (AMT, current US$) 
Charges for the use of intellectual property, payments (BoP, current US$) 
Net primary income (BoP, current US$) 
Disbursements on external debt, private nonguaranteed (PNG) (DIS, current US$) 
Surface area (sq. km) 
Water productivity, total (constant 2010 US$ GDP per cubic meter of total freshwater withdrawal) 
Household final consumption expenditure (constant 2010 US$) 
Poverty gap at $3.10 a day (2011 PPP) (%) 
PPG, bonds (INT, current US$) 
Out-of-school children of primary school age, both sexes (number) 
GNI, PPP (constant 2011 international $) 
Household final consumption expenditure, PPP (constant 2011 international $) 
Employment to population ratio, ages 15-24, female (%) (modeled ILO estimate) 
Long-term unemployment, female (% of female unemployment) 
Grants and other revenue (current LCU) 
Pupil-teacher ratio, lower secondary 
Rural population 
Urban land area where elevation is below 5 meters (% of total land area) 
Government expenditure on education, total (% of GDP) 
Energy intensity level of primary energy (MJ/$2011 PPP GDP) 
Time to export (days) 
Undisbursed external debt, private creditors (UND, current US$) 
Average grace period on new external debt commitments, private (years) 
PFC gas emissions (thousand metric tons of CO2 equivalent) 
Prevalence of anemia among children (% of children under 5) 
Electricity production from nuclear sources (% of total) 
Gross domestic savings (current LCU) 
Time required to register property (days) 
Labor force participation rate for ages 15-24, male (%) (national estimate) 
GNI per capita (constant LCU) 
Literacy rate, youth male (% of males ages 15-24) 
GDP per unit of energy use (constant 2011 PPP $ per kg of oil equivalent) 
GDP (constant LCU) 
Legislation exists on domestic violence (1=yes; 0=no) 
Births attended by skilled health staff (% of total) 
Children out of school, primary, female 
Plant species (higher), threatened 
Gross savings (current LCU) 
Technical cooperation grants (BoP, current US$) 
Merchandise exports to low- and middle-income economies in Europe & Central Asia (% of total merchandise exports) 
Net ODA received (% of gross capital formation) 
Start-up procedures to register a business (number) 
Unemployment, youth male (% of male labor force ages 15-24) (national estimate) 
PPG, commercial banks (TDS, current US$) 
Time required to start a business (days) 
Net financial flows, IMF nonconcessional (NFL, current US$) 
Adjusted savings: net forest depletion (current US$) 
Claims on private sector (annual growth as % of broad money) 
Net ODA received (% of GNI) 
Effective transition rate from primary to lower secondary general education, both sexes (%) 
Average grace period on new external debt commitments, official (years) 
International migrant stock (% of population) 
CPIA gender equality rating (1=low to 6=high) 
Industry, value added (current LCU) 
Birth rate, crude (per 1,000 people) 
PPG, other private creditors (TDS, current US$) 
Social contributions (current LCU) 
Electric power consumption (kWh per capita) 
SF6 gas emissions (thousand metric tons of CO2 equivalent) 
Tax payments (number) 
Total greenhouse gas emissions (kt of CO2 equivalent) 
Government expenditure per tertiary student as % of GDP per capita (%) 
Account at a financial institution, income, richest 60% (% ages 15+) [ts] 
Exports of goods and services (annual % growth) 
Bound rate, simple mean, all products (%) 
Logistics performance index: Ease of arranging competitively priced shipments (1=low to 5=high) 
Life expectancy at birth, total (years) 
Poverty headcount ratio at $1.90 a day (2011 PPP) (% of population) 
Presence of peace keepers (number of troops, police, and military observers in mandate) 
Taxes on income, profits and capital gains (% of total taxes) 
Firms with female participation in ownership (% of firms) 
Gross fixed capital formation (constant LCU) 
Net intake rate in grade 1, female (% of official school-age population) 
Survey mean consumption or income per capita, total population (2005 PPP $ per day) 
PPG, bonds (TDS, current US$) 
Cereal yield (kg per hectare) 
PPG, official creditors (NFL, current US$) 
Physicians (per 1,000 people) 
Imports of goods and services (constant 2010 US$) 
Women who believe a husband is justified in beating his wife (any of five reasons) (%) 
Gross national expenditure (current US$) 
Annual freshwater withdrawals, total (% of internal resources) 
Fertilizer consumption (kilograms per hectare of arable land) 
Employment to population ratio, ages 15-24, total (%) (national estimate) 
CO2 emissions from manufacturing industries and construction (% of total fuel combustion) 
Taxes on income, profits and capital gains (current LCU) 
Portfolio Investment, net (BoP, current US$) 
Children in employment, self-employed (% of children in employment, ages 7-14) 
Teenage mothers (% of women ages 15-19 who have had children or are currently pregnant) 
Gross capital formation (annual % growth) 
School enrollment, primary and secondary (gross), gender parity index (GPI) 
Rural population (% of total population) 
Labor force participation rate for ages 15-24, female (%) (modeled ILO estimate) 
2005 PPP conversion factor, private consumption (LCU per international $) 
Internally displaced persons (number, low estimate) 
Charges for the use of intellectual property, receipts (BoP, current US$) 
CO2 emissions from gaseous fuel consumption (% of total) 
Alternative and nuclear energy (% of total energy use) 
Manufacturing, value added (current LCU) 
Merchandise exports to low- and middle-income economies in South Asia (% of total merchandise exports) 
GDP, PPP (current international $) 
Primary education, teachers (% female) 
Mortality caused by road traffic injury (per 100,000 people) 
Changes in inventories (constant LCU) 
Losses due to theft, robbery, vandalism, and arson (% sales) 
Gross fixed capital formation (current US$) 
Claims on central government, etc. (% GDP) 
Binding coverage, primary products (%) 
Bound rate, simple mean, primary products (%) 
Pupil-teacher ratio, tertiary 
Adjusted savings: natural resources depletion (% of GNI) 
Labor force participation rate, total (% of total population ages 15+) (modeled ILO estimate) 
Gross domestic savings (% of GDP) 
IFC, private nonguaranteed (NFL, current US$) 
PPG, bilateral concessional (NTR, current US$) 
Newborns protected against tetanus (%) 
CPIA debt policy rating (1=low to 6=high) 
Official entrance age to primary education (years) 
Children out of school, female (% of female primary school age) 
Net bilateral aid flows from DAC donors, Poland (current US$) 
Industry, value added (constant LCU) 
Population in largest city 
PPG, bilateral (NTR, current US$) 
CPIA policies for social inclusion/equity cluster average (1=low to 6=high) 
GNI, Atlas method (current US$) 
Unemployment, male (% of male labor force) (national estimate) 
Total reserves minus gold (current US$) 
PPG, bilateral concessional (INT, current US$) 
Women who believe a husband is justified in beating his wife when she argues with him (%) 
CO2 emissions from gaseous fuel consumption (kt) 
Transport services (% of commercial service imports) 
Adjusted savings: gross savings (% of GNI) 
International tourism, receipts (% of total exports) 
Adequacy of unemployment benefits and ALMP (% of total welfare of beneficiary households) 
Manufacturing, value added (annual % growth) 
Prevalence of undernourishment (% of population) 
Net current transfers from abroad (current US$) 
Employment in industry, male (% of male employment) 
Foreign direct investment, net inflows (BoP, current US$) 
Improved sanitation facilities, rural (% of rural population with access) 
Expense (% of GDP) 
Net official flows from UN agencies, WHO (current US$) 
Improved water source, urban (% of urban population with access) 
Labor force participation rate for ages 15-24, female (%) (national estimate) 
Gross national expenditure (constant 2010 US$) 
Mineral rents (% of GDP) 
Permanent cropland (% of land area) 
Fossil fuel energy consumption (% of total) 
Net bilateral aid flows from DAC donors, Czech Republic (current US$) 
Net official aid received (current US$) 
Over-age students, primary, male (% of male enrollment) 
Agricultural land (% of land area) 
School enrollment, secondary, male (% gross) 
Merchandise exports to low- and middle-income economies outside region (% of total merchandise exports) 
Merchandise imports from low- and middle-income economies in South Asia (% of total merchandise imports) 
Prevalence of severe wasting, weight for height, male (% of children under 5) 
Gross enrolment ratio, tertiary, both sexes (%) 
Electricity production from renewable sources, excluding hydroelectric (% of total) 
Children in employment, male (% of male children ages 7-14) 
Unemployment, total (% of total labor force) (modeled ILO estimate) 
Average maturity on new external debt commitments, private (years) 
GNI per capita (current LCU) 
Primary income receipts (BoP, current US$) 
External debt stocks, short-term (DOD, current US$) 
Gross value added at factor cost (constant LCU) 
Adjusted savings: mineral depletion (% of GNI) 
Lifetime risk of maternal death (1 in: rate varies by country) 
Average grant element on new external debt commitments (%) 
HFC gas emissions (thousand metric tons of CO2 equivalent) 
Trained teachers in preprimary education, male (% of male teachers) 
Lower secondary completion rate, total (% of relevant age group) 
Adjusted net enrollment rate, primary, female (% of primary school age children) 
Proportion of seats held by women in national parliaments (%) 
Youth literacy rate, population 15-24 years, both sexes (%) 
Trained teachers in lower secondary education (% of total teachers) 
Manufactures imports (% of merchandise imports) 
Labor force with tertiary education (% of total) 
CPIA transparency, accountability, and corruption in the public sector rating (1=low to 6=high) 
Revenue, excluding grants (current LCU) 
Employers, total (% of employment) 
Gross enrolment ratio, secondary, both sexes (%) 
Commitments, public and publicly guaranteed (COM, current US$) 
Grants and other revenue (% of revenue) 
Survival rate to the last grade of primary education, female (%) 
Coverage (%) - All Labor Market 
Benefits incidence in poorest quintile (%) - All Labor Market 
Percentage of students in secondary vocational education who are female (%) 
Account at a financial institution, female (% age 15+) [ts] 
Account at a financial institution, income, poorest 40% (% ages 15+) [ts] 
Account at a financial institution (% age 15+) [ts] 
Net financial flows, multilateral (NFL, current US$) 
Firms using banks to finance investment (% of firms) 
CO2 emissions from solid fuel consumption (kt) 
Prevalence of stunting, height for age (% of children under 5) 
PPG, official creditors (DOD, current US$) 
Benefits incidence in poorest quintile (%) -All Social Protection and Labor 
Community health workers (per 1,000 people) 
Total greenhouse gas emissions (% change from 1990) 
Stocks traded, total value (% of GDP) 
Energy use (kg of oil equivalent per capita) 
Container port traffic (TEU: 20 foot equivalent units) 
Service imports (BoP, current US$) 
Lead time to import, median case (days) 
Coal rents (% of GDP) 
Health expenditure, public (% of total health expenditure) 
IBRD loans and IDA credits (DOD, current US$) 
Official exchange rate (LCU per US$, period average) 
Theoretical duration of secondary education (years) 
Trademark applications, direct nonresident 
Compensation of employees (current LCU) 
PPG, other private creditors (NTR, current US$) 
Condom use, population ages 15-24, female (% of females ages 15-24) 
Female headed households (% of households with a female head) 
Population ages 15-64 (% of total) 
Antiretroviral therapy coverage (% of people living with HIV) 
Currency composition of PPG debt, Multiple currencies (%) 
Goods exports (BoP, current US$) 
PPG, multilateral (NTR, current US$) 
Tariff rate, most favored nation, weighted mean, primary products (%) 
Demand for family planning satisfied by modern methods (% of married women with demand for family planning) 
Adjusted savings: energy depletion (% of GNI) 
Children in employment, wage workers, female (% of female children in employment, ages 7-14) 
Refugee population by country or territory of origin 
Merchandise exports to low- and middle-income economies in East Asia & Pacific (% of total merchandise exports) 
Smoking prevalence, males (% of adults) 
Employment to population ratio, 15+, male (%) (modeled ILO estimate) 
Teachers in primary education, both sexes (number) 
PPG, private creditors (DIS, current US$) 
PPG, multilateral (INT, current US$) 
Transport services (% of commercial service exports) 
Land area where elevation is below 5 meters (% of total land area) 
Interest payments (% of revenue) 
Number of neonatal deaths 
Share of tariff lines with international peaks, manufactured products (%) 
PNG, commercial banks and other creditors (NFL, current US$) 
Urban population living in areas where elevation is below 5 meters (% of total population) 
Adult literacy rate, population 15+ years, both sexes (%) 
Merchandise exports to low- and middle-income economies within region (% of total merchandise exports) 
Industry, value added (current US$) 
Teachers in secondary education, female (number) 
Bank nonperforming loans to total gross loans (%) 
Children out of school (% of primary school age) 
GDP per capita (current US$) 
Informal payments to public officials (% of firms) 
Debt service on external debt, public and publicly guaranteed (PPG) (TDS, current US$) 
Total reserves (includes gold, current US$) 
Adjusted savings: net national savings (current US$) 
School enrollment, primary, male (% net) 
Out-of-pocket health expenditure (% of private expenditure on health) 
Researchers in R&D (per million people) 
Travel services (% of service exports, BoP) 
Gross fixed capital formation (annual % growth) 
Tax revenue (current LCU) 
Income share held by fourth 20% 
Unemployment with primary education, female (% of female unemployment) 
Persistence to grade 5, male (% of cohort) 
Children in employment, work only, male (% of male children in employment, ages 7-14) 
Adjusted net savings, including particulate emission damage (% of GNI) 
Law mandates nondiscrimination based on gender in hiring (1=yes; 0=no) 
Labor force participation rate for ages 15-24, male (%) (modeled ILO estimate) 
Enrolment in primary education, both sexes (number) 
Nondiscrimination clause mentions gender in the constitution (1=yes; 0=no) 
PPG, bilateral (TDS, current US$) 
Household final consumption expenditure, etc. (constant LCU) 
Net flows on external debt, public and publicly guaranteed (PPG) (NFL, current US$) 
Urban population growth (annual %) 
Adjusted net national income per capita (constant 2010 US$) 
Armed forces personnel, total 
Net bilateral aid flows from DAC donors, Sweden (current US$) 
Patent applications, residents 
International tourism, receipts for passenger transport items (current US$) 
Currency composition of PPG debt, SDR (%) 
Travel services (% of commercial service imports) 
Labor force with primary education (% of total) 
External resources for health (% of total expenditure on health) 
Adolescents out of school (% of lower secondary school age) 
Patent applications, nonresidents 
Population density (people per sq. km of land area) 
Completeness of birth registration, urban (%) 
Total reserves in months of imports 
Prevalence of stunting, height for age, female (% of children under 5) 
Employment to population ratio, 15+, female (%) (modeled ILO estimate) 
Interest arrears, private creditors (current US$) 
Child employment in agriculture, female (% of female economically active children ages 7-14) 
PPG, multilateral (DIS, current US$) 
Other taxes payable by businesses (% of commercial profits) 
Labor force participation rate for ages 15-24, total (%) (modeled ILO estimate) 
Exports of goods and services (constant LCU) 
Labor force with primary education, male (% of male labor force) 
Interest payments (% of expense) 
Primary income payments (BoP, current US$) 
Gross capital formation (current US$) 
Low-birthweight babies (% of births) 
Adjusted net enrollment rate, primary, male (% of primary school age children) 
Gross intake ratio to Grade 1 of primary education, female (%) 
Population, total 
Wholesale price index (2010 = 100) 
Net secondary income (BoP, current US$) 
Gross enrollment ratio, primary, both sexes (%) 
Population ages 0-14 (% of total) 
Merchandise imports from low- and middle-income economies within region (% of total merchandise imports) 
Net bilateral aid flows from DAC donors, Australia (current US$) 
Net bilateral aid flows from DAC donors, Slovak Republic (current US$) 
Literacy rate, adult male (% of males ages 15 and above) 
Net official development assistance received (constant 2013 US$) 
International tourism, expenditures (% of total imports) 
Labor force participation rate, female (% of female population ages 15-64) (modeled ILO estimate) 
PPG, bonds (NFL, current US$) 
GDP per person employed (constant 2011 PPP $) 
Secondary education, teachers (% female) 
Present value of external debt (% of GNI) 
Share of youth not in education, employment, or training, total (% of youth population) 
Broad money (current LCU) 
ICT goods exports (% of total goods exports) 
Secondary income receipts (BoP, current US$) 
PPG, commercial banks (AMT, current US$) 
Broad money growth (annual %) 
Interest payments on external debt, public and publicly guaranteed (PPG) (INT, current US$) 
Gross national expenditure deflator (base year varies by country) 
Delay in obtaining an electrical connection (days) 
PPG, private creditors (DOD, current US$) 
Maternal mortality ratio (modeled estimate, per 100,000 live births) 
Expenditure on tertiary as % of government expenditure on education (%) 
Arms exports (SIPRI trend indicator values) 
Urban population 
Other expense (current LCU) 
Taxes on international trade (% of revenue) 
Survey mean consumption or income per capita, bottom 40% of population (2005 PPP $ per day) 
Air transport, registered carrier departures worldwide 
Female genital mutilation prevalence (%) 
Children out of school, primary, male 
Currency composition of PPG debt, U.S. dollars (%) 
Personal remittances, paid (current US$) 
Net bilateral aid flows from DAC donors, Portugal (current US$) 
Net change in interest arrears (current US$) 
Terrestrial and marine protected areas (% of total territorial area) 
School enrollment, secondary, female (% net) 
PPG, commercial banks (DIS, current US$) 
GNI per capita growth (annual %) 
CO2 intensity (kg per kg of oil equivalent energy use) 
Mortality rate, neonatal (per 1,000 live births) 
Net incurrence of liabilities, domestic (% of GDP) 
Mammal species, threatened 
GDP (current LCU) 
Arable land (hectares per person) 
School enrollment, secondary (gross), gender parity index (GPI) 
Prevalence of underweight, weight for age, female (% of children under 5) 
General government final consumption expenditure (constant 2010 US$) 
Compensation of employees (% of expense) 
Market capitalization of listed domestic companies (% of GDP) 
Firms competing against unregistered firms (% of firms) 
Gross capital formation (constant LCU) 
Agricultural machinery, tractors per 100 sq. km of arable land 
Pupil-teacher ratio in secondary education (headcount basis) 
Average maturity on new external debt commitments, official (years) 
Child employment in services, female (% of female economically active children ages 7-14) 
Taxes on exports (current LCU) 
Broad money (% of GDP) 
Methane emissions (% change from 1990) 
Firms formally registered when operations started (% of firms) 
Exclusive breastfeeding (% of children under 6 months) 
Literacy rate, adult female (% of females ages 15 and above) 
Net current transfers from abroad (current LCU) 
Employment to population ratio, ages 15-24, female (%) (national estimate) 
GDP, PPP (constant 2011 international $) 
Prevalence of anemia among women of reproductive age (% of women ages 15-49) 
Changes in inventories (current LCU) 
Children in employment, study and work, female (% of female children in employment, ages 7-14) 
Gross fixed capital formation (current LCU) 
Principal arrears, official creditors (current US$) 
Commercial bank branches (per 100,000 adults) 
Prevalence of underweight, weight for age (% of children under 5) 
Coverage (%) -All Social Protection and Labor 
Agriculture, value added (constant LCU) 
Intentional homicides (per 100,000 people) 
Nitrous oxide emissions (% change from 1990) 
GDP (current US$) 
Net income from abroad (constant LCU) 
Household final consumption expenditure per capita (constant 2010 US$) 
Land area (sq. km) 
Commitments, IBRD (COM, current US$) 
Labor force participation rate, female (% of female population ages 15+) (modeled ILO estimate) 
Child employment in manufacturing (% of economically active children ages 7-14) 
Textiles and clothing (% of value added in manufacturing) 
Nitrous oxide emissions in energy sector (% of total) 
GNI per capita, Atlas method (current US$) 
Imports of goods, services and primary income (BoP, current US$) 
Net bilateral aid flows from DAC donors, Luxembourg (current US$) 
Unemployment with secondary education, female (% of female unemployment) 
Secure Internet servers (per 1 million people) 
Renewable energy consumption (% of total final energy consumption) 
Manufactures exports (% of merchandise exports) 
Computer, communications and other services (% of commercial service imports) 
Coverage (%) - All Social Insurance 
Smoking prevalence, females (% of adults) 
Child employment in agriculture (% of economically active children ages 7-14) 
Mortality rate, under-5, female (per 1,000 live births) 
Emigration rate of tertiary educated (% of total tertiary educated population) 
Labor force with secondary education (% of total) 
Prevalence of anemia among non-pregnant women (% of women ages 15-49) 
Merchandise exports to low- and middle-income economies in Latin America & the Caribbean (% of total merchandise exports) 
Gross value added at factor cost (current LCU) 
Disaster risk reduction progress score (1-5 scale; 5=best) 
Gross fixed capital formation (% of GDP) 
Time to prepare and pay taxes (hours) 
PPG, bilateral concessional (AMT, current US$) 
All education staff compensation, total (% of total expenditure in public institutions) 
Average grant element on new external debt commitments, official (%) 
Contraceptive prevalence, any methods (% of women ages 15-49) 
Nitrous oxide emissions in energy sector (thousand metric tons of CO2 equivalent) 
Gross national expenditure (current LCU) 
Net current transfers from abroad (constant LCU) 
Net bilateral aid flows from DAC donors, Italy (current US$) 
Tariff rate, applied, simple mean, all products (%) 
Electricity production from oil sources (% of total) 
Child employment in manufacturing, male (% of male economically active children ages 7-14) 
Undisbursed external debt, official creditors (UND, current US$) 
Rural land area (sq. km) 
Merchandise exports to economies in the Arab World (% of total merchandise exports) 
Survey mean consumption or income per capita, total population (2011 PPP $ per day) 
GNI per capita, PPP (current international $) 
Merchandise exports to low- and middle-income economies in Sub-Saharan Africa (% of total merchandise exports) 
International tourism, expenditures (current US$) 
S&P Global Equity Indices (annual % change) 
Merchandise imports from economies in the Arab World (% of total merchandise imports) 
Food, beverages and tobacco (% of value added in manufacturing) 
PPG, private creditors (TDS, current US$) 
Pupil-teacher ratio in pre-primary education (headcount basis) 
Adjusted net national income per capita (current US$) 
Government expenditure per student, primary (% of GDP per capita) 
Part time employment, female (% of total part time employment) 
Interest payments on external debt, private nonguaranteed (PNG) (INT, current US$) 
Net bilateral aid flows from DAC donors, Norway (current US$) 
Population in urban agglomerations of more than 1 million (% of total population) 
Stocks traded, total value (current US$) 
Export value index (2000 = 100) 
Insurance and financial services (% of service imports, BoP) 
Manufacturing, value added (constant 2010 US$) 
Adjusted savings: net forest depletion (% of GNI) 
Other taxes (current LCU) 
Trade (% of GDP) 
Net official flows from UN agencies, UNDP (current US$) 
PPG, other private creditors (DIS, current US$) 
Agriculture, value added (constant 2010 US$) 
Net official flows from UN agencies, UNICEF (current US$) 
Total fisheries production (metric tons) 
External debt stocks, concessional (DOD, current US$) 
Goods imports (BoP, current US$) 
Merchandise imports from low- and middle-income economies in Middle East & North Africa (% of total merchandise imports) 
Immunization, measles (% of children ages 12-23 months) 
Exports of goods and services (constant 2010 US$) 
Health expenditure, public (% of government expenditure) 
PPG, official creditors (TDS, current US$) 
Employment in services, male (% of male employment) 
Adjusted savings: net national savings (% of GNI) 
Women who believe a husband is justified in beating his wife when she neglects the children (%) 
Scientific and technical journal articles 
Agricultural raw materials exports (% of merchandise exports) 
PPG, bilateral concessional (DOD, current US$) 
Foreign direct investment, net outflows (% of GDP) 
Short-term debt (% of total external debt) 
Liner shipping connectivity index (maximum value in 2004 = 100) 
Adjusted savings: particulate emission damage (current US$) 
Mortality rate, under-5 (per 1,000 live births) 
Debt service (PPG and IMF only, % of exports of goods, services and primary income) 
Net bilateral aid flows from DAC donors, United States (current US$) 
Adjusted savings: particulate emission damage (% of GNI) 
Energy related methane emissions (% of total) 
Renewable internal freshwater resources, total (billion cubic meters) 
Taxes on goods and services (% of revenue) 
CPIA public sector management and institutions cluster average (1=low to 6=high) 
Use of IMF credit (DOD, current US$) 
Wage and salaried workers, female (% of females employed) 
Trained teachers in upper secondary education, male (% of male teachers) 
GEF benefits index for biodiversity (0 = no biodiversity potential to 100 = maximum) 
Exports of goods and services (current LCU) 
PPG, other private creditors (AMT, current US$) 
IMF repurchases and charges (TDS, current US$) 
Periodicity and timeliness assessment of statistical capacity (scale 0 - 100) 
Manufacturing, value added (% of GDP) 
Enrolment in secondary education, both sexes (number) 
PPG, bonds (DIS, current US$) 
IMF repurchases (AMT, current US$) 
Currency composition of PPG debt, Pound sterling (%) 
PPG, private creditors (AMT, current US$) 
Final consumption expenditure (current LCU) 
PPG, private creditors (INT, current US$) 
Gross fixed capital formation (constant 2010 US$) 
Debt service on external debt, private nonguaranteed (PNG) (TDS, current US$) 
Fixed telephone subscriptions (per 100 people) 
Trained teachers in lower secondary education, female (% of female teachers) 
Trade in services (% of GDP) 
School enrollment, primary, female (% gross) 
Average transaction cost of remittances (%) 
International tourism, number of arrivals 
Commitments, official creditors (COM, current US$) 
Military expenditure (% of central government expenditure) 
Gross fixed capital formation, private sector (current LCU) 
Rural poverty gap at national poverty lines (%) 
Personal remittances, received (% of GDP) 
Net official flows from UN agencies, IAEA (current US$) 
Labor force participation rate for ages 15-24, total (%) (national estimate) 
Income share held by lowest 20% 
Average working hours of children, working only, male, ages 7-14 (hours per week) 
Net bilateral aid flows from DAC donors, Total (current US$) 
Principal arrears, long-term DOD (US$) 
Diarrhea treatment (% of children under 5 receiving oral rehydration and continued feeding) 
Household final consumption expenditure, etc. (current LCU) 
Access to electricity, rural (% of rural population) 
Interest rescheduled (capitalized) (current US$) 
Adequacy of social safety net programs (% of total welfare of beneficiary households) 
Discrepancy in expenditure estimate of GDP (constant LCU) 
Percentage of repeaters in primary education, all grades, both sexes (%) 
Prevalence of wasting, weight for height, female (% of children under 5) 
International tourism, receipts (current US$) 
Average working hours of children, study and work, female, ages 7-14 (hours per week) 
Benefits incidence in poorest quintile (%) - All Social Insurance 
Strength of legal rights index (0=weak to 12=strong) 
Net incurrence of liabilities, domestic (current LCU) 
Net bilateral aid flows from DAC donors, Korea, Rep. (current US$) 
Currency composition of PPG debt, Deutsche mark (%) 
International migrant stock, total 
Lifetime risk of maternal death (%) 
Net intake rate to Grade 1 of primary education, both sexes (%) 
Net income from abroad (current US$) 
Percentage of female teachers in primary education who are trained, female (%) 
Taxes on income, profits and capital gains (% of revenue) 
Agricultural nitrous oxide emissions (thousand metric tons of CO2 equivalent) 
PPG, bilateral concessional (TDS, current US$) 
Bound rate, simple mean, manufactured products (%) 
Tariff rate, most favored nation, weighted mean, all products (%) 
Contributing family workers, male (% of males employed) 
Merchandise exports by the reporting economy (current US$) 
Currency composition of PPG debt, Japanese yen (%) 
Long-term unemployment (% of total unemployment) 
CO2 emissions from residential buildings and commercial and public services (% of total fuel combustion) 
PPG, bilateral (INT, current US$) 
Mothers are guaranteed an equivalent position after maternity leave (1=yes; 0=no) 
Net official flows from UN agencies, UNAIDS (current US$) 
Import volume index (2000 = 100) 
Electricity production from coal sources (% of total) 
Net trade in goods and services (BoP, current US$) 
Source data assessment of statistical capacity (scale 0 - 100) 
Goods and services expense (% of expense) 
Health expenditure, public (% of GDP) 
CPIA business regulatory environment rating (1=low to 6=high) 
PPG, multilateral concessional (AMT, current US$) 
Employment to population ratio, 15+, female (%) (national estimate) 
Secure Internet servers 
Net bilateral aid flows from DAC donors, Belgium (current US$) 
Poverty headcount ratio at national poverty lines (% of population) 
Rail lines (total route-km) 
PPG, official creditors (DIS, current US$) 
Law prohibits or invalidates child or early marriage (1=yes; 0=no) 
Net flows on external debt, long-term (NFL, current US$) 
PPG, IDA (INT, current US$) 
Children in employment, self-employed, male (% of male children in employment, ages 7-14) 
Progression to secondary school, male (%) 
Risk of impoverishing expenditure for surgical care (% of people at risk) 
Lower secondary completion rate, female (% of relevant age group) 
Net domestic credit (current LCU) 
Poverty headcount ratio at $3.10 a day (2011 PPP) (% of population) 
Interest payments on external debt (% of GNI) 
Debt forgiveness or reduction (current US$) 
Net bilateral aid flows from DAC donors, Slovenia (current US$) 
Forest rents (% of GDP) 
Interest payments on external debt, short-term (INT, current US$) 
Completeness of death registration with cause-of-death information (%) 
External debt stocks, long-term public sector (DOD, current US$) 
External balance on goods and services (% of GDP) 
Other greenhouse gas emissions, HFC, PFC and SF6 (thousand metric tons of CO2 equivalent) 
Gross enrolment ratio, pre-primary, female (%) 
Interest forgiven (current US$) 
Net errors and omissions (BoP, current US$) 
Teachers in secondary education, both sexes (number) 
GDP per capita (constant 2010 US$) 
Agricultural raw materials imports (% of merchandise imports) 
Employment to population ratio, 15+, total (%) (modeled ILO estimate) 
Logistics performance index: Competence and quality of logistics services (1=low to 5=high) 
Food imports (% of merchandise imports) 
Currency composition of PPG debt, Swiss franc (%) 
Price level ratio of PPP conversion factor (GDP) to market exchange rate 
New business density (new registrations per 1,000 people ages 15-64) 
Goods and services expense (current LCU) 
GDP at market prices (constant 2010 US$) 
Tuberculosis case detection rate (%, all forms) 
Commercial banks and other lending (PPG + PNG) (NFL, current US$) 
Adolescents out of school, male (% of male lower secondary school age) 
Merchandise imports (current US$) 
Survival rate to the last grade of primary education, both sexes (%) 
PM2.5 air pollution, population exposed to levels exceeding WHO guideline value (% of total) 
Tariff rate, applied, weighted mean, primary products (%) 
Literacy rate, youth (ages 15-24), gender parity index (GPI) 
PPG, multilateral concessional (INT, current US$) 
Net flows on external debt, total (NFL, current US$) 
Merchandise imports from low- and middle-income economies in Latin America & the Caribbean (% of total merchandise imports) 
School enrollment, primary (gross), gender parity index (GPI) 
Net official flows from UN agencies, UNECE (current US$) 
Population ages 65 and above (% of total) 
Urban population (% of total) 
Urban poverty gap at national poverty lines (%) 
Value lost due to electrical outages (% of sales) 
Agricultural land (sq. km) 
Completeness of infant death reporting (% of reported infant deaths to estimated infant deaths) 
Travel services (% of service imports, BoP) 
Net ODA received per capita (current US$) 
Electric power transmission and distribution losses (% of output) 
PPG, multilateral (AMT, current US$) 
Children in employment, study and work (% of children in employment, ages 7-14) 
Services, etc., value added (constant 2010 US$) 
Fuel imports (% of merchandise imports) 
Residual, debt stock-flow reconciliation (current US$) 
Tuberculosis treatment success rate (% of new cases) 
School enrollment, secondary, female (% gross) 
Enrolment in secondary general, both sexes (number) 
Women's share of population ages 15+ living with HIV (%) 
Vitamin A supplementation coverage rate (% of children ages 6-59 months) 
Undisbursed external debt, total (UND, current US$) 
Adjusted savings: carbon dioxide damage (% of GNI) 
Manufacturing, value added (current US$) 
PPG, bilateral (AMT, current US$) 
Capture fisheries production (metric tons) 
Industry, value added (% of GDP) 
Fish species, threatened 
PPG, commercial banks (NFL, current US$) 
Adjusted net national income (annual % growth) 
Social contributions (% of revenue) 
CO2 emissions (kg per PPP $ of GDP) 
Incidence of tuberculosis (per 100,000 people) 
Gross intake ratio to Grade 1 of primary education, male (%) 
Final consumption expenditure, etc. (constant 2010 US$) 
Prevalence of severe wasting, weight for height (% of children under 5) 
Stocks traded, turnover ratio of domestic shares (%) 
International tourism, receipts for travel items (current US$) 
Share of tariff lines with specific rates, primary products (%) 
Interest payments on external debt, total (INT, current US$) 
PPG, IDA (NTR, current US$) 
Net official flows from UN agencies, UNTA (current US$) 
Gross savings (% of GNI) 
Prevalence of anemia among pregnant women (%) 
PPG, IDA (DOD, current US$) 
Firms expected to give gifts in meetings with tax officials (% of firms) 
Merchandise imports from low- and middle-income economies in East Asia & Pacific (% of total merchandise imports) 
Theoretical duration of primary education (years) 
Services, etc., value added (current LCU) 
GNI (constant LCU) 
ICT service exports (% of service exports, BoP) 
Urban land area (sq. km) 
Current education expenditure, secondary (% of total expenditure in secondary public institutions) 
Food production index (2004-2006 = 100) 
All education staff compensation, secondary (% of total expenditure in secondary public institutions) 
Children in employment, wage workers (% of children in employment, ages 7-14) 
Depth of the food deficit (kilocalories per person per day) 
Electricity production from oil, gas and coal sources (% of total) 
Population living in slums, (% of urban population) 
Share of tariff lines with international peaks, primary products (%) 
Employers, female (% of employment) 
External debt stocks (% of exports of goods, services and primary income) 
Interest arrears, official creditors (current US$) 
Revenue, excluding grants (% of GDP) 
Income share held by lowest 10% 
CO2 emissions (kt) 
PPG, IDA (AMT, current US$) 
Labor force, female (% of total labor force) 
Trained teachers in preprimary education, female (% of female teachers) 
Share of tariff lines with international peaks, all products (%) 
Merchandise imports by the reporting economy, residual (% of total merchandise imports) 
Unmet need for contraception (% of married women ages 15-49) 
Bird species, threatened 
Forest area (% of land area) 
School enrollment, primary, male (% gross) 
Industry, value added (constant 2010 US$) 
Prevalence of wasting, weight for height (% of children under 5) 
Secondary income, other sectors, payments (BoP, current US$) 
Time required to obtain an operating license (days) 
Exports as a capacity to import (constant LCU) 
Current account balance (BoP, current US$) 
Gross capital formation (constant 2010 US$) 
External debt stocks (% of GNI) 
Imports of goods and services (annual % growth) 
Labor force participation rate, total (% of total population ages 15-64) (modeled ILO estimate) 
Ease of doing business index (1=most business-friendly regulations) 
Railways, goods transported (million ton-km) 
Adjusted net savings, excluding particulate emission damage (current US$) 
Unemployment, youth total (% of total labor force ages 15-24) (national estimate) 
PPG, multilateral concessional (DIS, current US$) 
Electricity production from renewable sources, excluding hydroelectric (kWh) 
Cash surplus/deficit (current LCU) 
Net taxes on products (current US$) 
PPG, multilateral concessional (NFL, current US$) 
Children in employment, study and work, male (% of male children in employment, ages 7-14) 
Public and publicly guaranteed debt service (% of GNI) 
Percentage of teachers in secondary education who are trained, both sexes (%) 
Net bilateral aid flows from DAC donors, Finland (current US$) 
Average working hours of children, study and work, ages 7-14 (hours per week) 
Crop production index (2004-2006 = 100) 
GNI per capita (constant 2010 US$) 
Mobile account, female (% age 15+) [w2] 
Tariff rate, most favored nation, weighted mean, manufactured products (%) 
Principal forgiven (current US$) 
Bank capital to assets ratio (%) 
Net official development assistance and official aid received (current US$) 
Travel services (% of commercial service exports) 
Foreign direct investment, net outflows (BoP, current US$) 
Pump price for gasoline (US$ per liter) 
Unemployment with primary education (% of total unemployment) 
CPIA financial sector rating (1=low to 6=high) 
Household final consumption expenditure (current LCU) 
Contraceptive prevalence, modern methods (% of women ages 15-49) 
Adjusted net savings, excluding particulate emission damage (% of GNI) 
Grants, excluding technical cooperation (BoP, current US$) 
Average maturity on new external debt commitments (years) 
Adjusted net national income per capita (annual % growth) 
Industry, value added (annual % growth) 
Population in the largest city (% of urban population) 
Net financial flows, IBRD (NFL, current US$) 
Cost to export (US$ per container) 
Time required to enforce a contract (days) 
Multilateral debt (% of total external debt) 
IMF charges (INT, current US$) 
PM2.5 air pollution, mean annual exposure (micrograms per cubic meter) 
Net bilateral aid flows from DAC donors, Spain (current US$) 
GNI (current US$) 
Agricultural nitrous oxide emissions (% of total) 
Employment in industry, female (% of female employment) 
Adjusted net savings, including particulate emission damage (current US$) 
Household final consumption expenditure, etc. (annual % growth) 
Mobile cellular subscriptions 
Share of youth not in education, employment, or training, male (% of male youth population) 
School enrollment, tertiary, male (% gross) 
Net enrolment rate, primary, both sexes (%) 
PPG, multilateral concessional (TDS, current US$) 
Imports of goods and services (current LCU) 
Methane emissions in energy sector (thousand metric tons of CO2 equivalent) 
Rural population living in areas where elevation is below 5 meters (% of total population) 
Average working hours of children, study and work, male, ages 7-14 (hours per week) 
Concessional debt (% of total external debt) 
Renewable electricity output (% of total electricity output) 
Part time employment, total (% of total employment) 
External debt stocks, long-term (DOD, current US$) 
Self-employed, female (% of females employed) 
Net incurrence of liabilities, foreign (% of GDP) 
CPIA trade rating (1=low to 6=high) 
PNG, bonds (TDS, current US$) 
Gross savings (current US$) 
Point-of-sale terminals (per 100,000 adults) 
Access to non-solid fuel (% of population) 
Health expenditure, private (% of GDP) 
Children in employment, unpaid family workers, female (% of female children in employment, ages 7-14) 
Adjusted savings: consumption of fixed capital (% of GNI) 
PPG, bilateral (DIS, current US$) 
Current education expenditure, total (% of total expenditure in public institutions) 
Household final consumption expenditure per capita growth (annual %) 
Binding coverage, manufactured products (%) 
New businesses registered (number) 
Children out of school, male (% of male primary school age) 
Customs and other import duties (% of tax revenue) 
Access to electricity (% of population) 
Share of tariff lines with specific rates, all products (%) 
Interest rescheduled, private (current US$) 
Services, etc., value added (annual % growth) 
Net transfers on external debt, long-term (NTR, current US$) 
Machinery and transport equipment (% of value added in manufacturing) 
Children with fever receiving antimalarial drugs (% of children under age 5 with fever) 
Prevalence of HIV, male (% ages 15-24) 
Net bilateral aid flows from DAC donors, Iceland (current US$) 
Final consumption expenditure, etc. (% of GDP) 
Services, etc., value added (current US$) 
Commercial service exports (current US$) 
Internally displaced persons (number, high estimate) 
Mortality rate, infant, male (per 1,000 live births) 
Part time employment, female (% of total female employment) 
Employment in services (% of total employment) 
Maternal mortality ratio (national estimate, per 100,000 live births) 
CO2 emissions (kg per 2010 US$ of GDP) 
Trained teachers in preprimary education (% of total teachers) 
Fixed broadband subscriptions (per 100 people) 
Currency composition of PPG debt, Euro (%) 
Net barter terms of trade index (2000 = 100) 
CO2 emissions from liquid fuel consumption (% of total) 
Automated teller machines (ATMs) (per 100,000 adults) 
Gross value added at factor cost (constant 2010 US$) 
Changes in inventories (current US$) 
PPG, commercial banks (DOD, current US$) 
Child employment in services (% of economically active children ages 7-14) 
CPIA macroeconomic management rating (1=low to 6=high) 
Children in employment, total (% of children ages 7-14) 
Time to import (days) 
Taxes on goods and services (% value added of industry and services) 
Total tax rate (% of commercial profits) 
Other expense (% of expense) 
Adjusted net national income (constant 2010 US$) 
Claims on other sectors of the domestic economy (% of GDP) 
Adjusted savings: carbon dioxide damage (current US$) 
Tariff rate, applied, weighted mean, manufactured products (%) 
CPIA property rights and rule-based governance rating (1=low to 6=high) 
Depositors with commercial banks (per 1,000 adults) 
Military expenditure (% of GDP) 
Survey mean consumption or income per capita, bottom 40% of population (2011 PPP $ per day) 
Time required to get electricity (days) 
Net bilateral aid flows from DAC donors, Denmark (current US$) 
Mobile account, income, richest 60% (% ages 15+) [w2] 
GDP per unit of energy use (PPP $ per kg of oil equivalent) 
Ores and metals exports (% of merchandise exports) 
IDA resource allocation index (1=low to 6=high) 
Primary income on FDI, payments (current US$) 
Consumer price index (2010 = 100) 
Self-employed, total (% of total employed) 
Coverage (%) - All Social Assistance 
Labor force with primary education, female (% of female labor force) 
Agriculture, value added (current US$) 
PPG, private creditors (NFL, current US$) 
Women who believe a husband is justified in beating his wife when she refuses sex with him (%) 
School enrollment, tertiary (gross), gender parity index (GPI) 
GDP per capita, PPP (current international $) 
Net bilateral aid flows from DAC donors, Ireland (current US$) 
Expenditure on secondary as % of government expenditure on education (%) 
Completeness of total death reporting (% of reported total deaths to estimated total deaths) 
ARI treatment (% of children under 5 taken to a health provider) 
Electricity production from hydroelectric sources (% of total) 
Fertility rate, total (births per woman) 
Final consumption expenditure (current US$) 
CPIA policy and institutions for environmental sustainability rating (1=low to 6=high) 
Persistence to grade 5, female (% of cohort) 
Informal employment (% of total non-agricultural employment) 
Personal remittances, received (current US$) 
Official entrance age to lower secondary education (years) 
Unemployment, youth female (% of female labor force ages 15-24) (modeled ILO estimate) 
Children in employment, work only, female (% of female children in employment, ages 7-14) 
External balance on goods and services (constant LCU) 
Net flows on external debt, short-term (NFL, current US$) 
PNG, bonds (NFL, current US$) 
Adequacy of social insurance programs (% of total welfare of beneficiary households) 
Natural gas rents (% of GDP) 
Debt service on external debt, long-term (TDS, current US$) 
Completeness of birth registration (%) 
Adjusted net national income (current US$) 
Research and development expenditure (% of GDP) 
Lead time to export, median case (days) 
Claims on other sectors of the domestic economy (annual growth as % of broad money) 
Current education expenditure, tertiary (% of total expenditure in tertiary public institutions) 
Procedures to register property (number) 
Distance to frontier score (0=lowest performance to 100=frontier) 
Unemployment with tertiary education, male (% of male unemployment) 
Ores and metals imports (% of merchandise imports) 
Enrolment in secondary vocational, both sexes (number) 
Percentage of female teachers in secondary education who are trained, female (%) 
Subsidies and other transfers (current LCU) 
Prevalence of stunting, height for age, male (% of children under 5) 
PPG, commercial banks (INT, current US$) 
Net bilateral aid flows from DAC donors, Switzerland (current US$) 
CPIA building human resources rating (1=low to 6=high) 
External debt stocks, private nonguaranteed (PNG) (DOD, current US$) 
Expense (current LCU) 
Expenditure on primary as % of government expenditure on education (%) 
Disbursements on external debt, long-term + IMF (DIS, current US$) 
Merchandise exports (current US$) 
Prevalence of severe wasting, weight for height, female (% of children under 5) 
Exports of goods and services (current US$) 
Share of women in wage employment in the nonagricultural sector (% of total nonagricultural employment) 
2005 PPP conversion factor, GDP (LCU per international $) 
Over-age students, primary (% of enrollment) 
Binding coverage, all products (%) 
Methodology assessment of statistical capacity (scale 0 - 100) 
Commitments, IDA (COM, current US$) 
Percentage of students in secondary general education who are female (%) 
Access to non-solid fuel, urban (% of urban population) 
Refugee population by country or territory of asylum 
GNI, PPP (current international $) 
Technicians in R&D (per million people) 
Net ODA received (% of central government expense) 
Prevalence of HIV, total (% of population ages 15-49) 
GINI index (World Bank estimate) 
Computer, communications and other services (% of commercial service exports) 
Poverty gap at national poverty lines (%) 
Secondary education, pupils (% female) 
PNG, bonds (AMT, current US$) 
Discrepancy in expenditure estimate of GDP (current LCU) 
Investment in water and sanitation with private participation (current US$) 
Principal repayments on external debt, long-term (AMT, current US$) 
External debt stocks, total (DOD, current US$) 
Mortality rate, adult, male (per 1,000 male adults) 
Life expectancy at birth, female (years) 
Firms that do not report all sales for tax purposes (% of firms) 
Business extent of disclosure index (0=less disclosure to 10=more disclosure) 
Vulnerable employment, total (% of total employment) 
Logistics performance index: Overall (1=low to 5=high) 
Pupil-teacher ratio in primary education (headcount basis) 
Service exports (BoP, current US$) 
External balance on goods and services (current US$) 
Principal repayments on external debt, long-term + IMF (AMT, current US$) 
Percentage of repeaters in primary education, all grades, female (%) 
Wage and salaried workers, total (% of total employed) 
Customs and other import duties (current LCU) 
Survival to age 65, male (% of cohort) 
Chemicals (% of value added in manufacturing) 
Transport services (% of service imports, BoP) 
Annual freshwater withdrawals, agriculture (% of total freshwater withdrawal) 
Child employment in services, male (% of male economically active children ages 7-14) 
Electricity production from natural gas sources (% of total) 
Imports of goods and services (BoP, current US$) 
Net official flows from UN agencies, WFP (current US$) 
Final consumption expenditure, etc. (annual % growth) 
High-technology exports (current US$) 
Methane emissions (kt of CO2 equivalent) 
Transport services (% of service exports, BoP) 
Employers, male (% of employment) 
Borrowers from commercial banks (per 1,000 adults) 
Account at a financial institution, male (% age 15+) [ts] 
Public credit registry coverage (% of adults) 
Time to resolve insolvency (years) 
Merchandise exports to low- and middle-income economies in Middle East & North Africa (% of total merchandise exports) 
Arable land (% of land area) 
CPIA social protection rating (1=low to 6=high) 
PPG, IBRD (INT, current US$) 
PPG, IBRD (DIS, current US$) 
Labor force, total 
Age dependency ratio (% of working-age population) 
Domestic credit provided by financial sector (% of GDP) 
Female legislators, senior officials and managers (% of total) 
Burden of customs procedure, WEF (1=extremely inefficient to 7=extremely efficient) 
Percentage of enrolment in secondary education in private institutions (%) 
Children in employment, unpaid family workers, male (% of male children in employment, ages 7-14) 
Mortality rate, infant (per 1,000 live births) 
Net capital account (BoP, current US$) 
Debt forgiveness grants (current US$) 
PPG, IBRD (NTR, current US$) 
External debt stocks, variable rate (DOD, current US$) 
Income share held by highest 20% 
Gross intake ratio to Grade 1 of primary education, both sexes (%) 
PNG, commercial banks and other creditors (DIS, current US$) 
Labor force with tertiary education, male (% of male labor force) 
Fixed telephone subscriptions 
Central government debt, total (current LCU) 
Internationally-recognized quality certification (% of firms) 
Net transfers on external debt, private nonguaranteed (PNG) (NTR, current US$) 
Merchandise exports by the reporting economy, residual (% of total merchandise exports) 
Diarrhea treatment (% of children under 5 who received ORS packet) 
Investment in energy with private participation (current US$) 
Portfolio equity, net inflows (BoP, current US$) 
Net bilateral aid flows from DAC donors, France (current US$) 
Combustible renewables and waste (% of total energy) 
Net financial flows, IMF concessional (NFL, current US$) 
Employment in agriculture, male (% of male employment) 
Number of infant deaths 
Informal employment, female (% of total non-agricultural employment) 
Logistics performance index: Efficiency of customs clearance process (1=low to 5=high) 
Pupil-teacher ratio, upper secondary 
CO2 emissions from liquid fuel consumption (kt) 
Duration of compulsory education (years) 
Present value of external debt (current US$) 
General government final consumption expenditure (constant LCU) 
Pump price for diesel fuel (US$ per liter) 
Population growth (annual %) 
PPG, commercial banks (NTR, current US$) 
GDP deflator (base year varies by country) 
Gross capital formation (% of GDP) 
Firms with female top manager (% of firms) 
PPG, multilateral concessional (DOD, current US$) 
Improved water source (% of population with access) 
Firms using banks to finance working capital (% of firms) 
CPIA fiscal policy rating (1=low to 6=high) 
Employment to population ratio, ages 15-24, total (%) (modeled ILO estimate) 
Services, etc., value added (constant LCU) 
Multilateral debt service (TDS, current US$) 
Manufacturing, value added (constant LCU) 
Unemployment with tertiary education (% of total unemployment) 
Household final consumption expenditure, etc. (current US$) 
Percentage of enrolment in primary education in private institutions (%) 
Services, etc., value added (% of GDP) 
Women who believe a husband is justified in beating his wife when she burns the food (%) 
International tourism, number of departures 
Net enrolment rate, secondary, both sexes (%) 
Prevalence of overweight, weight for height, female (% of children under 5) 
Completeness of birth registration, rural (%) 
Logistics performance index: Frequency with which shipments reach consignee within scheduled or expected time (1=low to 5=high) 
PNG, bonds (DOD, current US$) 
Interest payments on external debt (% of exports of goods, services and primary income) 
PNG, commercial banks and other creditors (TDS, current US$) 
Annualized average growth rate in per capita real survey mean consumption or income, total population (%) 
Vulnerable employment, female (% of female employment) 
Income share held by second 20% 
Profit tax (% of commercial profits) 
Unemployment, total (% of total labor force) (national estimate) 
Tertiary education, academic staff (% female) 
CPIA equity of public resource use rating (1=low to 6=high) 
Firms offering formal training (% of firms) 
Total amount of debt rescheduled (current US$) 
PPG, bilateral (DOD, current US$) 
Overall level of statistical capacity (scale 0 - 100) 
Final consumption expenditure, etc. (current US$) 
Deposit interest rate (%) 
PNG, commercial banks and other creditors (INT, current US$) 
PPG, official creditors (AMT, current US$) 
Contributing family workers, total (% of total employed) 
Mobile cellular subscriptions (per 100 people) 
Final consumption expenditure, etc. (current LCU) 
Currency composition of PPG debt, French franc (%) 
Insurance and financial services (% of commercial service exports) 
ICT goods imports (% total goods imports) 
PPP conversion factor, private consumption (LCU per international $) 
Gross capital formation (current LCU) 
Merchandise imports by the reporting economy (current US$) 
Net taxes on products (current LCU) 
External balance on goods and services (current LCU) 
CO2 emissions from transport (% of total fuel combustion) 
PPP conversion factor, GDP (LCU per international $) 
Export volume index (2000 = 100) 
CPIA structural policies cluster average (1=low to 6=high) 
Investment in transport with private participation (current US$) 
Prevalence of wasting, weight for height, male (% of children under 5) 
Trained teachers in upper secondary education, female (% of female teachers) 
PNG, commercial banks and other creditors (DOD, current US$) 
Employment to population ratio, ages 15-24, male (%) (national estimate) 
Long-term unemployment, male (% of male unemployment) 
Income share held by third 20% 
Cash surplus/deficit (% of GDP) 
Private credit bureau coverage (% of adults) 
GDP growth (annual %) 
Population in urban agglomerations of more than 1 million 
PNG, commercial banks and other creditors (AMT, current US$) 
Labor force with tertiary education, female (% of female labor force) 
Annual freshwater withdrawals, industry (% of total freshwater withdrawal) 
Labor force with secondary education, male (% of male labor force) 
Domestic credit to private sector by banks (% of GDP) 
PPG, official creditors (NTR, current US$) 
Logistics performance index: Quality of trade and transport-related infrastructure (1=low to 5=high) 
PPG, IDA (TDS, current US$) 
Diabetes prevalence (% of population ages 20 to 79) 
Total debt service (% of exports of goods, services and primary income) 
GNI (current LCU) 
Final consumption expenditure (constant LCU) 
Use of insecticide-treated bed nets (% of under-5 population) 
Portfolio investment, bonds (PPG + PNG) (NFL, current US$) 
Trademark applications, total 
Net official flows from UN agencies, UNRWA (current US$) 
Survival rate to Grade 5 of primary education, both sexes (%) 
Procedures to build a warehouse (number) 
Labor force participation rate, female (% of female population ages 15+) (national estimate) 
Progression to secondary school, female (%) 
Mobile account (% age 15+) [w2] 
Import value index (2000 = 100) 
PPG, official creditors (INT, current US$) 
High-technology exports (% of manufactured exports) 
Cause of death, by injury (% of total) 
Cereal production (metric tons) 
Gross domestic income (constant LCU) 
Net trade in goods (BoP, current US$) 
Tariff rate, most favored nation, simple mean, manufactured products (%) 
Percentage of male teachers in secondary education who are trained, male (%) 
Adjusted savings: mineral depletion (current US$) 
CO2 emissions from solid fuel consumption (% of total) 
PPG, other private creditors (DOD, current US$) 
Labor force participation rate, total (% of total population ages 15+) (national estimate) 
Improved sanitation facilities (% of population with access) 
CO2 emissions (kg per 2011 PPP $ of GDP) 
Survival to age 65, female (% of cohort) 
PPG, bonds (NTR, current US$) 
Share of youth not in education, employment, or training, female (% of female youth population) 
Tariff rate, applied, simple mean, primary products (%) 
Reserves and related items (BoP, current US$) 
Household final consumption expenditure, etc. (% of GDP) 
IMF purchases (DIS, current US$) 
Subsidies and other transfers (% of expense) 
Employment in agriculture (% of total employment) 
Net official flows from UN agencies, UNFPA (current US$) 
Marine protected areas (% of territorial waters) 
Current education expenditure, primary (% of total expenditure in primary public institutions) 
Agriculture value added per worker (constant 2010 US$) 
Multilateral debt service (% of public and publicly guaranteed debt service) 
Net bilateral aid flows from DAC donors, European Union institutions (current US$) 
Forest area (sq. km) 
Contributing family workers, female (% of females employed) 
Net flows on external debt, private nonguaranteed (PNG) (NFL, current US$) 
Principal repayments on external debt, public and publicly guaranteed (PPG) (AMT, current US$) 
Children in employment, work only (% of children in employment, ages 7-14) 
Bank liquid reserves to bank assets ratio (%) 
People practicing open defecation, urban (% of urban population) 
Mobile account, male (% age 15+) [w2] 
Agricultural machinery, tractors 
Informal employment, male (% of total non-agricultural employment) 
Imports of goods and services (constant LCU) 
Central government debt, total (% of GDP) 
Average interest on new external debt commitments, private (%) 
Percentage of teachers in primary education who are trained, both sexes (%) 
Wanted fertility rate (births per woman) 
PPG, bilateral concessional (DIS, current US$) 
GDP per capita (constant LCU) 
International tourism, expenditures for passenger transport items (current US$) 
Adjusted savings: education expenditure (current US$) 
Unemployment, female (% of female labor force) (modeled ILO estimate) 
Net financial flows, IDA (NFL, current US$) 
Annual freshwater withdrawals, domestic (% of total freshwater withdrawal) 
Law mandates equal remuneration for females and males for work of equal value (1=yes; 0=no) 
Net financial flows, bilateral (NFL, current US$) 
Employment to population ratio, 15+, total (%) (national estimate) 
People practicing open defecation, rural (% of rural population) 
Part time employment, male (% of total male employment) 
Labor force with secondary education, female (% of female labor force) 
Agricultural irrigated land (% of total agricultural land) 
Prevalence of underweight, weight for age, male (% of children under 5) 
Pregnant women receiving prenatal care (%) 
Current account balance (% of GDP) 
Net official flows from UN agencies, UNPBF (current US$) 
Interest payments (current LCU) 
Livestock production index (2004-2006 = 100) 
Net bilateral aid flows from DAC donors, Germany (current US$) 
Interest arrears, long-term DOD (US$) 
Tariff rate, applied, simple mean, manufactured products (%) 
Percentage of repeaters in primary education, all grades, male (%) 
Adolescents out of school, female (% of female lower secondary school age) 
Primary completion rate, female (% of relevant age group) 
Average time to clear exports through customs (days) 
Unemployment, youth male (% of male labor force ages 15-24) (modeled ILO estimate) 
Real interest rate (%) 
Listed domestic companies, total 
Interest rate spread (lending rate minus deposit rate, %) 
Exports of goods and services (% of GDP) 
Mortality rate, adult, female (per 1,000 female adults) 
PPG, IDA (DIS, current US$) 
Vulnerable employment, male (% of male employment) 
Foreign direct investment, net (BoP, current US$) 
Net bilateral aid flows from DAC donors, Greece (current US$) 
Merchandise imports from low- and middle-income economies in Sub-Saharan Africa (% of total merchandise imports) 
Adjusted savings: education expenditure (% of GNI) 
Access to non-solid fuel, rural (% of rural population) 
Trademark applications, direct resident 
Fuel exports (% of merchandise exports) 
Condom use, population ages 15-24, male (% of males ages 15-24) 
Arable land (hectares) 
Real effective exchange rate index (2010 = 100) 
Women who believe a husband is justified in beating his wife when she goes out without telling him (%) 
Taxes on international trade (current LCU) 
Oil rents (% of GDP) 
Average interest on new external debt commitments (%) 
Risk of catastrophic expenditure for surgical care (% of people at risk) 
Gross domestic savings (current US$) 
Bribery incidence (% of firms experiencing at least one bribe payment request) 
Principal rescheduled, private (current US$) 
Merchandise imports from high-income economies (% of total merchandise imports) 
Population living in areas where elevation is below 5 meters (% of total population) 
Disbursements on external debt, long-term (DIS, current US$) 
Immunization, DPT (% of children ages 12-23 months) 
Droughts, floods, extreme temperatures (% of population, average 1990-2009) 
PNG, bonds (DIS, current US$) 
Cause of death, by non-communicable diseases (% of total) 
Income share held by highest 10% 
Exports of goods, services and primary income (BoP, current US$) 
Energy use (kg of oil equivalent) per $1,000 GDP (constant 2011 PPP) 
PPG, private creditors (NTR, current US$) 
PPG, bilateral concessional (NFL, current US$) 
Gross enrolment ratio, pre-primary, both sexes (%) 
Cost of business start-up procedures (% of GNI per capita) 
Rural land area where elevation is below 5 meters (% of total land area) 
Other greenhouse gas emissions (% change from 1990) 
Average grant element on new external debt commitments, private (%) 
Gross fixed capital formation, private sector (% of GDP) 
Terms of trade adjustment (constant LCU) 
PPG, other private creditors (INT, current US$) 
Net bilateral aid flows from DAC donors, United Kingdom (current US$) 
Final consumption expenditure (constant 2010 US$) 
Unemployment with tertiary education, female (% of female unemployment) 
Prevalence of overweight, weight for height, male (% of children under 5) 
Age dependency ratio, old (% of working-age population) 
Unemployment with secondary education, male (% of male unemployment) 
Women who were first married by age 18 (% of women ages 20-24) 
Employment in industry (% of total employment) 
Nurses and midwives (per 1,000 people) 
Employment in services, female (% of female employment) 
Net financial flows, RDB concessional (NFL, current US$) 
Land under cereal production (hectares) 
Net bilateral aid flows from DAC donors, Austria (current US$) 
Public and publicly guaranteed debt service (% of exports of goods, services and primary income) 
Debt stock rescheduled (current US$) 
Employment in agriculture, female (% of female employment) 
Consumption of iodized salt (% of households) 
Depth of credit information index (0=low to 8=high) 
Net transfers on external debt, total (NTR, current US$) 
Health expenditure per capita (current US$) 
Merchandise exports to high-income economies (% of total merchandise exports) 
General government final consumption expenditure (current US$) 
Household final consumption expenditure (constant LCU) 
Nitrous oxide emissions (thousand metric tons of CO2 equivalent) 
Adjusted net enrolment rate, primary, both sexes (%) 
Net incurrence of liabilities, foreign (current LCU) 
Primary completion rate, male (% of relevant age group) 
School enrollment, primary, female (% net) 
Terrestrial protected areas (% of total land area) 
Net migration 
Urban land area where elevation is below 5 meters (sq. km) 
Age dependency ratio, young (% of working-age population) 
Inflation, GDP deflator (annual %) 
Improved sanitation facilities, urban (% of urban population with access) 
Tariff rate, most favored nation, simple mean, primary products (%) 
Survival rate to the last grade of primary education, male (%) 
Prevalence of HIV, female (% ages 15-24) 
Domestic credit to private sector (% of GDP) 
Health expenditure per capita, PPP (constant 2011 international $) 
Documents to import (number) 
Benefits incidence in poorest quintile (%) - All Social Assistance 
Power outages in firms in a typical month (number) 
Fertilizer consumption (% of fertilizer production) 
Trained teachers in upper secondary education (% of total teachers) 
Net official development assistance and official aid received (constant 2013 US$) 
CPIA efficiency of revenue mobilization rating (1=low to 6=high) 
Labor force participation rate, male (% of male population ages 15+) (modeled ILO estimate) 
Total reserves (% of total external debt) 
GDP per capita growth (annual %) 
PPG, multilateral (DOD, current US$) 
Cause of death, by communicable diseases and maternal, prenatal and nutrition conditions (% of total) 
PPG, IBRD (AMT, current US$) 
Principal arrears, private creditors (current US$) 
Agriculture, value added (annual % growth) 
General government final consumption expenditure (% of GDP) 
GHG net emissions/removals by LUCF (Mt of CO2 equivalent) 
Nonpregnant and nonnursing women can do the same jobs as men (1=yes; 0=no) 
Average interest on new external debt commitments, official (%) 
Disbursements on external debt, public and publicly guaranteed (PPG) (DIS, current US$) 
Population, female (% of total) 
Tax revenue (% of GDP) 
Net financial account (BoP, current US$) 
Agriculture, value added (current LCU) 
Net taxes on products (constant LCU) 
Trained teachers in lower secondary education, male (% of male teachers) 
Air transport, freight (million ton-km) 
Lower secondary completion rate, male (% of relevant age group) 
Quality of port infrastructure, WEF (1=extremely underdeveloped to 7=well developed and efficient by international standards) 
Net financial flows, others (NFL, current US$) 
Mortality rate, under-5, male (per 1,000 live births) 
PNG, bonds (INT, current US$) 
Household final consumption expenditure (annual % growth) 
Unemployment with primary education, male (% of male unemployment) 
Net bilateral aid flows from DAC donors, Netherlands (current US$) 
External debt stocks, long-term private sector (DOD, current US$) 
CPIA quality of public administration rating (1=low to 6=high) 
Total debt service (% of GNI) 
Taxes on exports (% of tax revenue) 
Debt service on external debt, total (TDS, current US$) 
Access to electricity, urban (% of urban population) 
Total natural resources rents (% of GDP) 
Over-age students, primary, female (% of female enrollment) 
Average working hours of children, working only, female, ages 7-14 (hours per week) 
GNI (constant 2010 US$) 
Children in employment, self-employed, female (% of female children in employment, ages 7-14) 
Unemployment, female (% of female labor force) (national estimate) 
General government final consumption expenditure (annual % growth) 
Rural land area where elevation is below 5 meters (sq. km) 
Other taxes (% of revenue) 
Preprimary education, duration (years) 
Household final consumption expenditure, etc. (constant 2010 US$) 
Principal rescheduled, official (current US$) 
Final consumption expenditure, etc. (constant LCU) 
Unemployment, youth total (% of total labor force ages 15-24) (modeled ILO estimate) 
External debt stocks, public and publicly guaranteed (PPG) (DOD, current US$) 
Aquaculture production (metric tons) 
Adequacy of social protection and labor programs (% of total welfare of beneficiary households) 
Time required to build a warehouse (days) 
Primary education, pupils (% female) 
Hospital beds (per 1,000 people) 
Debt buyback (current US$) 
Out-of-pocket health expenditure (% of total expenditure on health) 
Child employment in agriculture, male (% of male economically active children ages 7-14) 
Gross enrolment ratio, pre-primary, male (%) 
Fixed broadband subscriptions 
Primary completion rate, total (% of relevant age group) 
Net transfers on external debt, public and publicly guaranteed (PPG) (NTR, current US$) 
Short-term debt (% of total reserves) 
Net bilateral aid flows from DAC donors, Japan (current US$) 
Railways, passengers carried (million passenger-km) 
Imports of goods and services (current US$) 
PPG, multilateral concessional (NTR, current US$) 
Gross value added at factor cost (current US$) 
Average precipitation in depth (mm per year) 
Children in employment, unpaid family workers (% of children in employment, ages 7-14) 
CO2 emissions from other sectors, excluding residential buildings and commercial and public services (% of total fuel combustion) 
Interest rescheduled, official (current US$) 
Rural poverty headcount ratio at national poverty lines (% of rural population) 
Market capitalization of listed domestic companies (current US$) 
Merchandise imports from low- and middle-income economies outside region (% of total merchandise imports) 
Share of tariff lines with specific rates, manufactured products (%) 
Net intake rate in grade 1, male (% of official school-age population) 
Commercial service imports (current US$) 
School enrollment, tertiary, female (% gross) 
Documents to export (number) 
Net official development assistance received (current US$) 
PPG, IBRD (DOD, current US$) 
Battle-related deaths (number of people) 
Communications, computer, etc. (% of service imports, BoP) 
Number of maternal deaths 
Average working hours of children, working only, ages 7-14 (hours per week) 
CO2 emissions (metric tons per capita) 
People practicing open defecation (% of population) 
Gross savings (% of GDP) 
PNG, commercial banks and other creditors (NTR, current US$) 
Improved water source, rural (% of rural population with access) 
Unemployment with secondary education (% of total unemployment) 
Number of under-five deaths 
Mobile account, income, poorest 40% (% ages 15+) [w2] 
Foreign direct investment, net inflows (% of GDP) 
IDA grants (current US$) 
EBRD, private nonguaranteed (NFL, current US$) 
Armed forces personnel (% of total labor force) 
PNG, bonds (NTR, current US$) 
Number of visits or required meetings with tax officials 
CPIA quality of budgetary and financial management rating (1=low to 6=high) 
Principal rescheduled (current US$) 
Cost to import (US$ per container) 
Tariff rate, applied, weighted mean, all products (%) 
General government final consumption expenditure (current LCU) 
Lending interest rate (%) 
Tariff rate, most favored nation, simple mean, all products (%) 
Logistics performance index: Ability to track and trace consignments (1=low to 5=high) 
Agricultural methane emissions (% of total) 
PPG, IBRD (TDS, current US$) 
Insurance and financial services (% of service exports, BoP) 
Net income from abroad (current LCU) 
Total change in external debt stocks (current US$) 
Health expenditure, total (% of GDP) 
Self-employed, male (% of males employed) 
Percentage of male teachers in primary education who are trained, male (%) 
Gross national expenditure (constant LCU) 
Net bilateral aid flows from DAC donors, Canada (current US$) 
Personal transfers, receipts (BoP, current US$) 
GNI per capita, PPP (constant 2011 international $) 
Children in employment, female (% of female children ages 7-14) 
Insurance and financial services (% of commercial service imports) 
Energy imports, net (% of energy use) 
Internet users (per 100 people) 
Wage and salary workers, male (% of males employed) 
Law mandates paid or unpaid maternity leave (1=yes; 0=no) 
Time spent dealing with the requirements of government regulations (% of senior management time) 
PPG, bonds (DOD, current US$) 
Merchandise trade (% of GDP) 
Arms imports (SIPRI trend indicator values) 
PPG, other private creditors (NFL, current US$) 
School enrollment, secondary, male (% net) 
Net financial flows, RDB nonconcessional (NFL, current US$) 
Military expenditure (current LCU) 
Agriculture, value added (% of GDP) 
Imports of goods and services (% of GDP) 
Renewable internal freshwater resources per capita (cubic meters) 
Ratio of female to male labor force participation rate (%) (modeled ILO estimate) 
